-- =============================================================================
-- GameStore: тестовые данные для PostgreSQL
-- =============================================================================

-- -----------------------------------------------------------------------------
-- Жанры
-- -----------------------------------------------------------------------------
INSERT INTO genres (name, slug) VALUES
    ('Action',    'action'),
    ('RPG',       'rpg'),
    ('Strategy',  'strategy'),
    ('Simulation','simulation'),
    ('Indie',     'indie');

-- -----------------------------------------------------------------------------
-- Разработчики
-- -----------------------------------------------------------------------------
INSERT INTO developers (id, name, country, founded_at) VALUES
    ('a1000000-0000-0000-0000-000000000001', 'PixelForge Studios', 'US', '2010-03-15'),
    ('a1000000-0000-0000-0000-000000000002', 'NordGame AB',        'SE', '2015-07-01'),
    ('a1000000-0000-0000-0000-000000000003', 'ByteWolf Games',     'DE', '2018-11-20');

-- -----------------------------------------------------------------------------
-- Пользователи
-- -----------------------------------------------------------------------------
INSERT INTO users (id, username, email, country, balance) VALUES
    ('b1000000-0000-0000-0000-000000000001', 'alex99',   'alex@example.com',   'US', 50.00),
    ('b1000000-0000-0000-0000-000000000002', 'marina_lv','marina@example.com', 'LV', 120.00),
    ('b1000000-0000-0000-0000-000000000003', 'john_de',  'john@example.com',   'DE', 0.00),
    ('b1000000-0000-0000-0000-000000000004', 'katya_ru', 'katya@example.com',  'RU', 30.00);

-- -----------------------------------------------------------------------------
-- Игры
-- -----------------------------------------------------------------------------
INSERT INTO games (id, title, developer_id, genre_id, price, release_date, platform) VALUES
    ('c1000000-0000-0000-0000-000000000001', 'Shadow Realm',   'a1000000-0000-0000-0000-000000000001', 1, 19.99, '2022-05-10', ARRAY['windows','mac']),
    ('c1000000-0000-0000-0000-000000000002', 'Dragon Chronicle','a1000000-0000-0000-0000-000000000002', 2, 29.99, '2021-09-01', ARRAY['windows']),
    ('c1000000-0000-0000-0000-000000000003', 'City Builder Pro','a1000000-0000-0000-0000-000000000001', 4, 14.99, '2023-01-20', ARRAY['windows','mac','linux']),
    ('c1000000-0000-0000-0000-000000000004', 'Pixel Quest',     'a1000000-0000-0000-0000-000000000003', 5,  9.99, '2023-06-15', ARRAY['windows','linux']),
    ('c1000000-0000-0000-0000-000000000005', 'War of Nations',  'a1000000-0000-0000-0000-000000000002', 3, 24.99, '2020-03-05', ARRAY['windows']);

-- -----------------------------------------------------------------------------
-- Покупки
-- -----------------------------------------------------------------------------
INSERT INTO purchases (user_id, game_id, price_paid, discount_pct, currency, purchased_at) VALUES
    ('b1000000-0000-0000-0000-000000000001', 'c1000000-0000-0000-0000-000000000001', 19.99,  0, 'USD', '2024-01-05 10:00:00'),
    ('b1000000-0000-0000-0000-000000000001', 'c1000000-0000-0000-0000-000000000002', 19.99, 33, 'USD', '2024-01-15 14:30:00'),
    ('b1000000-0000-0000-0000-000000000002', 'c1000000-0000-0000-0000-000000000001', 19.99,  0, 'USD', '2024-02-01 09:15:00'),
    ('b1000000-0000-0000-0000-000000000002', 'c1000000-0000-0000-0000-000000000003', 11.24, 25, 'USD', '2024-02-10 18:00:00'),
    ('b1000000-0000-0000-0000-000000000003', 'c1000000-0000-0000-0000-000000000004',  9.99,  0, 'USD', '2024-03-01 12:00:00'),
    ('b1000000-0000-0000-0000-000000000004', 'c1000000-0000-0000-0000-000000000005', 24.99,  0, 'USD', '2024-03-05 16:45:00'),
    ('b1000000-0000-0000-0000-000000000004', 'c1000000-0000-0000-0000-000000000001', 14.99, 25, 'USD', '2024-03-10 11:00:00');

-- -----------------------------------------------------------------------------
-- Отзывы
-- -----------------------------------------------------------------------------
INSERT INTO reviews (user_id, game_id, rating, body, is_positive, created_at) VALUES
    ('b1000000-0000-0000-0000-000000000001', 'c1000000-0000-0000-0000-000000000001', 9, 'Отличный экшен, советую!', true,  '2024-01-10 20:00:00'),
    ('b1000000-0000-0000-0000-000000000001', 'c1000000-0000-0000-0000-000000000002', 7, 'Хорошая RPG, но долго грузится.', true, '2024-01-20 19:00:00'),
    ('b1000000-0000-0000-0000-000000000002', 'c1000000-0000-0000-0000-000000000001', 8, 'Классная графика.', true,  '2024-02-05 21:00:00'),
    ('b1000000-0000-0000-0000-000000000002', 'c1000000-0000-0000-0000-000000000003', 6, 'Средненько, ожидал большего.', false,'2024-02-15 17:00:00'),
    ('b1000000-0000-0000-0000-000000000004', 'c1000000-0000-0000-0000-000000000005', 10,'Лучшая стратегия года!', true,  '2024-03-08 22:00:00');

-- -----------------------------------------------------------------------------
-- Игровые сессии
-- -----------------------------------------------------------------------------
INSERT INTO game_sessions (user_id, game_id, started_at, ended_at) VALUES
    ('b1000000-0000-0000-0000-000000000001', 'c1000000-0000-0000-0000-000000000001', '2024-01-06 15:00:00', '2024-01-06 17:30:00'),
    ('b1000000-0000-0000-0000-000000000001', 'c1000000-0000-0000-0000-000000000001', '2024-01-07 20:00:00', '2024-01-07 22:00:00'),
    ('b1000000-0000-0000-0000-000000000002', 'c1000000-0000-0000-0000-000000000001', '2024-02-02 10:00:00', '2024-02-02 11:45:00'),
    ('b1000000-0000-0000-0000-000000000002', 'c1000000-0000-0000-0000-000000000003', '2024-02-11 14:00:00', '2024-02-11 16:00:00'),
    ('b1000000-0000-0000-0000-000000000004', 'c1000000-0000-0000-0000-000000000005', '2024-03-06 18:00:00', '2024-03-06 21:00:00');
